1,2
40579.41694,58064.51613
50885.3006,58064.51613
49597.06514,54193.54839
49597.06514,52258.06452
53461.77156,49354.83871
66344.12616,52258.06452
79226.48078,61935.48387
89532.36444,75483.87097
95973.5417,75483.87097
98550.01264,77419.35484
98550.01264,79354.83871
97261.77716,76838.70968
95973.5417,77032.25806
94685.30622,77167.74194
93397.07074,77419.35484
94685.30622,79354.83871
95973.5417,90000
97261.77716,89032.25806
92108.83538,85161.29032
81802.95172,84193.54839
72785.30342,83225.80645
66344.12616,73548.3871
59902.94892,63870.96774
56038.2425,61548.3871
